Identification Number,Name,Date of Birth,Country of Origin,Date 1,Data 1,Date 2,Data 2,Date 3,Data 3
123456789,Robert Underwood,12.20.08,United States,04.04.13,Underwood_04,08.03.24,Underwood_08,03.29.11,Underwood_03
102044674,George Smith,06.09.00,United States,10.26.07,Smith_10,NONE,NONE,NONE,NONE
290097515000736,Maria Deep,10.11.20,France,11.07.24,Deep_20,07.21.22,Deep_07,NONE,NONE
596875632452,Melanie Robinson,07.15.97,India,09.24.03,Robinson_09,10.05.04,Robinson_10,06.24.10,Robinson_06
789457698125478000,John Moon,02.19.20,China,05.30.22,Moon_22,11.28.24,Moon_11,08.15.21,Moon_08
965482567895,Tom Anderson,10.22.97,India,03.05.09,Anderson_03,06.04.19,Anderson_06,NONE,NONE
985647289,John Black,05.29.14,Ghana,10.11.16,Black_10,05.04.24,Black_05,06.21.18,Black_06
5896475214,Alan Coleman,03.18.05,Burma,09.24.13,Coleman_09,12.12.19,Coleman_12,07.19.08,Coleman_07
845795236485975000,Phil Grey,11.25.06,Cambodia,07.25.21,Grey_07,02.01.22,Grey_02,NONE,NONE
675987456,George Finn,0.1.02.20,United States,06.05.21,Finn_06,03.03.22,Finn_03,11.16.23,Finn_23
854235698748575,Nick Jackson,10.16.98,France,12.10.09,Jackson_12,02.21.13,Jackson_02,08.05.05,Jackson_08
789475632596478,Paul Laine,05.08.95,France,10.27.07,Laine_10,05.04.11,Laine_05,NONE,NONE
945786125478,Janet Mood,10.29.02,India,10.10.18,Mood_10,03.31.21,Mood_03,04.30.12,Mood_04
458962478145236000,Robert Jenicks,04.08.22,China,04.07.23,Jenicks_04,NONE,NONE,NONE,NONE
874975235698745000,Nicole Williams,03.05.19,China,06.19.20,Williams_06,09.25.24,Williams_09,02.17.22,Williams_02
989561448226584,Diana Griffith,11.20.20,Burma,01.13.23,Griffith_01,NONE,NONE,NONE,NONE
859862547,Aria Jefferson,04.22.18,Ghana,12.29.21,Jefferson_12,03.03.22,Jefferson_03,NONE,NONE
